Tweet_ID,Sentiment_Label,Logits_Neutral,Logits_Positive,Logits_Negative,Tweet_text,country,created_at
1344795801550131200,negative,1.3410780429840088,-0.9138957858085632,2.7552857398986816,"Distraction strategy when the PM has no idea how to lead a country!
One where the States have mostly stepped up to look after its peoples. Except NSW which is rife with corruption. 
Where to now for the Cth? https://t.co/pjfzLYrpms",Australia,Fri Jan 01 00:01:18 +0000 2021
1344796216735875074,positive,1.1954221725463867,1.456937551498413,0.2906411290168762,"@AnthonyCole68 Me2.....makes all the difference &amp; Morrison is about to ""speak"" bet it's riveting ü§îüòÅüò™üò™but first Glad on NSW Covid19 position......üò™üò™üò™",Australia,Fri Jan 01 00:02:57 +0000 2021
1344797457486528512,positive,0.941104292869568,5.8010315895080575,-1.3711369037628174,"Happy New Year to my home Country. Welcome to 2021 UK. Stay safe and grasp opportunity. To all friends and family back home, we miss you https://t.co/0qjWRF4PCz",Australia,Fri Jan 01 00:07:53 +0000 2021
1344798230337359873,negative,1.478128433227539,-1.521863341331482,3.6967372894287114,@LucyBattersby Must agree with many comments Lucy how dare you after a long cold bleak lockdown full of lies and deceit from the Andrews govt. take a break when the govt opened the borders . The main thing to remember is that Dan has escaped scrutiny . Depression deaths and shattered lives .,Australia,Fri Jan 01 00:10:57 +0000 2021
1344798281407238144,positive,0.5235620737075806,2.530440092086792,0.2845323085784912,"@MelissaBrownABC @rwillingham @VicGovDHHS @abcmelbourne Awesome that we now have decent contact tracing and quarantine in #Victoria. Hopefully we can contain and suppress this latest outbreak from #NSW. Hard borders, mandatory masks and social distancing  makes a huge difference! #COVID19Vic #COVID19nsw #GladysCluster #GladysOutbreak",Australia,Fri Jan 01 00:11:10 +0000 2021
1344798385631465472,negative,0.9405284523963928,-1.1895184516906738,3.363255500793457,"@Higgo74 WTF, exactly what goes these idiots brains that says we're doing lockdown again,, it ain't WW1...be calm &amp; rational",Australia,Fri Jan 01 00:11:34 +0000 2021
1344798647553167361,negative,1.3374769687652588,-0.5164596438407898,1.4859611988067627,"@PaulBongiorno @GladysB @BorisJohnson It's not commerce, it's wedge politics. As with carbon reduction they can't do the bleedingly obvious right thing because they have invested too much energy in attacking Dictator Dan for Victoria's successful lockdown.",Australia,Fri Jan 01 00:12:37 +0000 2021
1344799069068169219,positive,2.4724526405334477,5.53605318069458,-1.8272937536239624,"Arriving at work in Sydney on #NewYearsDay as my family back home celebrate in their bubble from the Malvern Hills (2nd pic). Happy new year everyone, stay safe x https://t.co/DtYE3cndFA",Australia,Fri Jan 01 00:14:17 +0000 2021
1344799212559429632,neutral,1.0726368427276611,0.7333662509918213,1.0183809995651243,"1 in 10,000 tests positive for Covid-19. 

‚ÄúCovid completely out of control in NSW. Full lockdown and close all the borders now.‚Äù ü§î 

Mask mandate üò∑ a good idea (no-cost likely upside). 
Test test test then test some more. Best antidote to Covid is test, trace, isolate. https://t.co/icqggkAuVv",Australia,Fri Jan 01 00:14:52 +0000 2021
1344800837613150209,neutral,1.523191213607788,0.9632658362388612,0.4459788501262665,"@jvedmond @MsSandyCrack @normanswan You very well may be right about the additional approval process here in Australia however it is worth thinking about the CDC. Recently described as  Mecca by an Australian epidemiologist, has had it's reputation and effectiveness eviscerated but the current administration.",Australia,Fri Jan 01 00:21:19 +0000 2021
1344801046095253504,negative,0.8247469067573547,-1.216989517211914,4.074641227722168,@BlowerFoy @DanSutjlg @axel_rants @zlj517 I call bullshit and anyone with 1/2 a brain knows the CCP covered up the outbreak in China that infected the rest of the world. Your lies and propaganda don‚Äôt fly in a world with free press these so called ‚Äúdocumentaries‚Äù I bet the content in controlled by the ccp as well,Australia,Fri Jan 01 00:22:09 +0000 2021
1344801294737784833,neutral,1.2041878700256348,-0.5852952003479004,1.1295713186264038,Boycott Harvey Norman and Murdoch media and Fairfax media https://t.co/6mfHN23EUT,Australia,Fri Jan 01 00:23:08 +0000 2021
1344801715019603968,negative,1.5667312145233154,-0.8594282269477844,2.30295729637146,"@shaunmicallef What a bitter end to donuts.
End Corona in 2021üçæüçæüçæüò∑üíï",Australia,Fri Jan 01 00:24:48 +0000 2021
1344801935677743104,negative,1.5671139955520632,-0.3872121572494507,2.2820751667022705,"Surely the BBL should be looking at having hubs in Perth/Adelaide and possibly Brisbane to keep the season alive.
The Sixers should stay in Perth instead of getting home to play the Scorchers on the 16th.
Cricket is a slow moving beast",Australia,Fri Jan 01 00:25:41 +0000 2021
1344803078269149190,negative,1.486854076385498,-1.0129469633102417,2.729661226272583,@DeanRosario Wa is too distant compared to the numbers which travel between nsw and vic. To lock down borders is a tough call especially where regional towns which are unaffected are unfairly locked out,Australia,Fri Jan 01 00:30:13 +0000 2021
1344803099978784769,negative,1.3935936689376829,-0.4310335814952849,1.5564836263656616,@laureningram Also a lot of Melburnians have PTSD from their months of lockdown and it was finally worth it (over 60 days of no local cases) - they don't want that sacrifice to be for nothing.,Australia,Fri Jan 01 00:30:18 +0000 2021
1344803292254113792,neutral,1.5636734962463381,0.21941590309143064,-0.018957281485199932,New Covid-19 Strain Found in China - WSJ https://t.co/un59Tl9sEI,Australia,Fri Jan 01 00:31:04 +0000 2021
1344803322281091072,negative,0.7743899822235107,-0.1490895450115204,2.5239794254302983,"No good options here - 2020 was terrible, and more than ever people need a break and to see fam. But quite a number of people also chose to head north well after it became clear  more than a week ago, this was a real possibility courtesy of the gold standard state‚Äôs [in]decisions https://t.co/5UwnxR0VOi",Australia,Fri Jan 01 00:31:11 +0000 2021
1344803961685987328,negative,0.9336965680122375,-0.9990186095237732,2.8372588157653813,Put the blame where it belongs at @GladysB for not going strong on the first hint not on Victoria for wanting to protect what we endured 8 weeks locked down @PatsKarvelas https://t.co/f9n5FB92nF,Australia,Fri Jan 01 00:33:44 +0000 2021
1344804103298318337,negative,0.7963497042655945,-0.16773778200149536,2.742730140686035,"Now NSW ‚ÄòCovid Bubble‚Äô is stretching to Western Suburbs .... time to put a ‚ÄòSteel Ring‚Äô around Sydney #GladysTheCovidiot  .... and 25,000 flock to cricket .... so irresponsible of NSW Leadership ... err that‚Äôd be #GladysTheCovidiot !",Australia,Fri Jan 01 00:34:18 +0000 2021
1344804719730905088,negative,0.7248890399932861,0.09498801827430724,1.8005239963531494,"One of the most terrifying things as a Victorian right now is thinking we could possibly go into lockdown again. 18 active cases doesn‚Äôt seem like many, but it how it starts and idk I‚Äôm so worried omg",Australia,Fri Jan 01 00:36:45 +0000 2021
1344805036707119104,negative,0.7735370993614197,0.10845682770013808,1.7938081026077268,"Just woke up to this üíî 
Stay strong @zarakayk don‚Äôt back down on these fools. You will get home  soon ‚úåÔ∏è https://t.co/wnSEMAcWTW",Australia,Fri Jan 01 00:38:00 +0000 2021
1344805206635122688,positive,0.5532627105712891,4.538034915924072,-0.817841112613678,Here we go again. Great start folks! https://t.co/iUOnnh1rTc https://t.co/ZoWbQriwo2,Australia,Fri Jan 01 00:38:41 +0000 2021
1344805721846661122,negative,1.5286569595336914,-1.0033705234527588,2.107250213623047,Why is no one questioning why #Wuhan  the originator of #covid19 can have a normal #NewYearsEve yet the rest of the world cannot?,Australia,Fri Jan 01 00:40:44 +0000 2021
1344805879963521025,negative,0.550305962562561,-1.1045775413513184,3.4412989616394043,@GladysB is like LNP scum never to take responsibility for anything https://t.co/gDpbC8ivbO,Australia,Fri Jan 01 00:41:21 +0000 2021
1344806379660353539,negative,0.9525542259216307,-1.4638463258743286,4.23355770111084,So Drs state 30% safer with masks how dumb is @GladysB how do you keep a job you are clearly incapable of executing https://t.co/OE4bj1XdJw,Australia,Fri Jan 01 00:43:20 +0000 2021
1344806497641873410,negative,0.29892539978027344,-0.19402185082435608,2.398397207260132,"@croydoncathy @deemadigan I wear a mask when on public transport and shopping, it's not fucking difficult!",Australia,Fri Jan 01 00:43:48 +0000 2021
1344806736234889216,negative,1.2355852127075195,-0.7540833950042725,2.169422149658203,@sallyrugg But this just shows that McGowans hard line is all he has. They aren't organised at ALL for any sort of tiny outbreak in WA. They have no real plan in place.,Australia,Fri Jan 01 00:44:45 +0000 2021
1344806983044460545,neutral,1.5799593925476074,0.5562326312065125,1.29115629196167,"Sydney, was one of the first major cities to ring in 2021. But as fireworks flew overhead, the area around the Opera House ‚Äî usually packed with thousands of revelers ‚Äî was nearly empty this year after tightened restrictions in response to an increase in Covid 19 transmission https://t.co/dCM8hjG9s4",Australia,Fri Jan 01 00:45:44 +0000 2021
1344807072957775872,neutral,2.1846842765808105,-0.8757681846618652,1.3258813619613647,If only we‚Äôd had some advance warning there was a virus we may need to test for ¬Ø\_(„ÉÑ)_/¬Ø https://t.co/MhpMlywKHL,Australia,Fri Jan 01 00:46:06 +0000 2021
1344807115236392961,positive,1.0777502059936523,2.035629272460937,-0.05862759798765184,"God help us all, Morrison muppet, Gladys B disgraced, discredited, self-confessed rorter and current NSW Premier is using part of her Coronavirus presser to thank Scott for fixing up the national anthem.",Australia,Fri Jan 01 00:46:16 +0000 2021
1344807233851310081,neutral,1.2809827327728271,1.143432378768921,0.043772399425506585,"Well done NSW. 

Local community transmission on the down. https://t.co/hcfcBYwn9v",Australia,Fri Jan 01 00:46:44 +0000 2021
1344807511820386304,neutral,1.560672163963318,0.6854281425476074,0.4953287243843079,Come on the pandemic has only been going on a year it takes some time to get testing capacity sorted out. https://t.co/eMLsCDAFUj,Australia,Fri Jan 01 00:47:50 +0000 2021
1344807663750635523,neutral,1.8028111457824707,0.4361501038074493,0.5484504103660583,"@mormorlady @GladysB I would have preferred to hear her say.

""Until we have a vaccine, we need to live with cautious protections against covid as per expert health advice.""",Australia,Fri Jan 01 00:48:27 +0000 2021
1344807805140627456,neutral,1.7938226461410522,1.6016349792480469,0.3699838519096375,"ScoMo looks like he just got out of bed. Must've had a big night last night. I'm assuming he's cut his holiday early by 5 months to bring us this presser
#scottyfromarketing #auspol #ScottyNeverHelped #ScottyFromHillsong #COVID19Vic #COVIDIOT #covid19nsw #covid19aus",Australia,Fri Jan 01 00:49:00 +0000 2021
1344807815265746945,negative,0.3658847510814667,0.036949433386325836,2.5255534648895264,Thanks @GladysB for ruining 2021 you and #ScottyFromPhotoOps have plunged Australians into another COVID cluster due to stupidity hope you are proud,Australia,Fri Jan 01 00:49:03 +0000 2021
1344808258423279617,positive,0.8665833473205566,1.2734007835388184,0.7568194270133972,"Today is the first day of liberation of me.
2020 was an unusual year. Left my wife of 22 years and unfortunately my children. Lived in lockdown, isolation. Missed my dog missed my friends. Started out a new relationship, seems it didn't work.
On wards and upwards.
Life is good",Australia,Fri Jan 01 00:50:48 +0000 2021
1344808708446908417,positive,1.680327296257019,1.7537283897399902,0.3664729595184326,"While we weren‚Äôt allowed to be there in person, watching the Sydney fireworks live with my family at home was still a treat in these lockdown times. To my family and friends around the world check out the stunning show here https://t.co/KqglvLbijj",Australia,Fri Jan 01 00:52:36 +0000 2021
1344808745239416833,negative,0.9696196913719176,-0.8874805569648743,3.398984432220459,Not sure 2021 is going to be better tbh with #scottyfromarketing having a press conference and of course praising NSW on their dealing with COVID-disgusting political bias. This is one thing that wont change in 2021. But the high priority change to the anthem can be done??? ü§î,Australia,Fri Jan 01 00:52:44 +0000 2021
1344808780119228417,positive,0.4112395346164704,4.14898157119751,-0.3388025164604187,"Pandemic or not, 2021 is going to be my best year! Happy New Year.",Australia,Fri Jan 01 00:52:53 +0000 2021
1344809273176408064,negative,0.8243887424468994,-0.4735260903835297,1.8097543716430664,@LucyBattersby what you do stay there and get covid you cant believe @GladysB https://t.co/GRQFfmmFmk,Australia,Fri Jan 01 00:54:50 +0000 2021
1344810407844691968,negative,0.763759195804596,0.9324950575828552,1.1320574283599854,Kicking of 2021 with a family outing - covid testing time. Cannot wait to not spend any more time in the car. https://t.co/n3rtX490R8,Australia,Fri Jan 01 00:59:21 +0000 2021
1344801851770765312,negative,1.3231467008590698,-0.9695916771888732,2.0884716510772705,I don‚Äôt know who needs to hear this..... but just because it‚Äôs 01.01.21.... doesn‚Äôt mean Coronavirus has gone away yet ü§¶üèª‚Äç‚ôÇÔ∏è,Australia,Fri Jan 01 00:25:21 +0000 2021
1344810511381061632,positive,1.2967681884765625,1.5844162702560425,0.07540624588727951,"@ForeverBored_AU So we agree. The States (well, most of them) are doing the heavy lifting to keep us safe from #coronavirus. 

Also, #ScottyNeverHelped.",Australia,Fri Jan 01 00:59:45 +0000 2021
1344797038257426433,neutral,1.0491341352462769,-0.4457733929157257,0.7788049578666687,Government urged to expedite COVID vaccine rollout https://t.co/dEJCSjiT2t,Australia,Fri Jan 01 00:06:13 +0000 2021
1344797140518748163,negative,0.937203884124756,0.05091512575745583,2.158217191696167,"Based on mine, plus some friends experience last night, it's really no suprised that COVID has made its way over the border.

The permit system is a glorified honesty system. Police on the barely even look at it.  My checkpoint didn't even know what the rules were.

Shitshow.",Australia,Fri Jan 01 00:06:38 +0000 2021
1344797496745185280,negative,1.1194403171539309,-1.400180101394653,3.803369283676148,"@LucyBattersby Hey enough of the blame of Vic Govt if #GladysTheCovidiot had treated this ongoing NSW Covid Infection drama competently and completely shut down Sydney, mandated wearing of masks and reduced the movement of NSWelshmen you wouldn‚Äôt have been in NSW to start with!",Australia,Fri Jan 01 00:08:03 +0000 2021
1344798132400361473,positive,0.7368664741516113,5.761853218078612,-0.6383012533187866,"Bringing in 2021 with this 11/10
....
Let‚Äôs spread love, not covid in 2021! Keep safe! 
...
Happy New Year! https://t.co/fQRc3clbM7",Australia,Fri Jan 01 00:10:34 +0000 2021
1344798245487214592,positive,1.1062055826187134,5.394062042236328,-1.3903332948684692,"@COVID_Australia Well, a donut to kick off the brave new year of 2021. Nice. Happy New Year Jes.",Australia,Fri Jan 01 00:11:01 +0000 2021
1344798370892664832,neutral,1.5793356895446775,0.6551376581192017,0.22209489345550534,Keep managing to dodge these Wollongong covid exposure sites by an hour/day. https://t.co/1T4G5hUdRn,Australia,Fri Jan 01 00:11:31 +0000 2021
1344798939120193538,positive,0.8325788974761963,1.4486507177352903,1.3346818685531616,Well I had a great NYE at a COVID-safe outdoor gathering here in Canberra where we currently have zero cases of COVID! It sure beat choking in smoke and crying at the plight of our native animals last NYE üôÉüôÉüôÉ Let's hope 2021 is also less terrible (even if just slightly!),Australia,Fri Jan 01 00:13:46 +0000 2021
1344799152899674116,negative,0.9002763628959656,0.08000247180461884,2.5082321166992188,"@DangerousDaveW Its so frustrating in so many ways Dave, u r home safe &amp; u got that week with special family members,,,thats where we gotta try just find as many positives as we can to keep getting over these small hurdles covid puts in our way",Australia,Fri Jan 01 00:14:37 +0000 2021
1344800820290674690,negative,1.5379699468612669,-1.0417402982711792,2.4946973323822017,"@thesuplexranger @LunacyLeft @binaryADD @Leo_Puglisi6 @VicGovDHHS @GladysB The point is that border closures remain a stop gap solution that ignores a far bigger picture.

Until the vaccine comes into play, even border closures aren't going to mean Covid cases are gone.

Even a vaccine is only the beginning.",Australia,Fri Jan 01 00:21:15 +0000 2021
1344801805205557248,positive,1.0506291389465332,1.649680733680725,0.3721041083335877,"This is how a Covid New Year fireworks display looks like in Sydney.

#NewYearsEve https://t.co/1Fe2j1YhjH",Australia,Fri Jan 01 00:25:10 +0000 2021
1344802907380563969,negative,1.0232641696929932,-0.6769419312477112,2.936873197555542,@laureningram I see what you're saying but I don't think we should compare ourselves to one of the worst countries in the world when it comes to COVID. We want to continue our control over the virus and to do that we need to act fast and hard.,Australia,Fri Jan 01 00:29:33 +0000 2021
1344804367212298240,negative,1.407099723815918,-0.9512372612953186,2.6313867568969727,Explained: Who is Chinese citizen journalist Zhang Zhan jailed for Covid-19 reporting? https://t.co/xUJX1gV5OE via @IndianExpress,Australia,Fri Jan 01 00:35:21 +0000 2021
1344804632481075201,neutral,2.0336031913757324,-0.4311228096485138,0.7523569464683533,@GladysB said that they can ‚Äúrate‚Äù test results such that they can figure when someone contracted Covid and how infectious they are. Can someone confirm please?,Australia,Fri Jan 01 00:36:24 +0000 2021
1344806265319395331,neutral,1.5298995971679688,0.8610663414001465,0.6320099830627441,"For once I think I was the only one following COVID laws this NYE ü§£ü§£ü§£ New Year, New Me? ü•¥ü•¥ü•¥ü•¥",Australia,Fri Jan 01 00:42:53 +0000 2021
1344810105338961921,negative,0.2473219335079193,0.33490005135536194,1.577625036239624,"COVID your a motherfucker, bring it on in 2021.
#strongerIN21",Australia,Fri Jan 01 00:58:09 +0000 2021
1344796375280623617,neutral,1.5515490770339966,0.7218037247657776,-0.28650614619255066,We should be wearing a mask üò∑ indoors https://t.co/51kuMmAvmA https://t.co/Da48O2Fm5G,Australia,Fri Jan 01 00:03:35 +0000 2021
1344798368648728576,neutral,2.0720255374908447,0.5658915638923645,0.7871008515357971,Transit permits will be available from tomorrow for Victorians who have to drive through NSW to get home. 15 minute stops while wearing a face mask will be part of the conditions. #COVID19Vic,Australia,Fri Jan 01 00:11:30 +0000 2021
1344800821741907968,neutral,1.3091589212417605,1.0317598581314087,0.6548139452934265,"@amyepeden @smh Really useful @amyepeden - Mask use is strongly encouraged by authorities in NSW but the next challenge is to improve uptake. Every community is different but it surprised me how mandating masks had little pushback in Melbourne - some yes, but it quickly became the accepted norm",Australia,Fri Jan 01 00:21:15 +0000 2021
1344805385341784065,negative,1.0226582288742063,-0.7259922623634338,1.3353478908538818,@mormorlady @GladysB Cannot understand not mandating mask wearing,Australia,Fri Jan 01 00:39:23 +0000 2021
1344805751924031488,negative,1.494971513748169,-0.8428502678871155,2.290297746658325,"NSW Premier continues to say people ‚Äòshould‚Äô wear masks in public/indoor settings like supermarkets 
However I have seen multiple people (usually on FB)stuck in the circular argument: ‚Äúif was really bad they would mandate it...so no I‚Äôm not wearing a mask‚Äù
#covidiots 
#covidnsw",Australia,Fri Jan 01 00:40:51 +0000 2021
1344807745166327808,positive,0.4335273504257202,4.224101066589356,-1.0102744102478027,"Happy 2021 everyone! Wash your hands, wear a mask, stay safe. https://t.co/4AemxT3wbL",Australia,Fri Jan 01 00:48:46 +0000 2021
1344802734000590848,negative,0.4152995645999909,0.700781524181366,2.0628387928009038,"Oh no.. It happened...... Yet Again... Old friend Said.... Get ready for it...

.
.
.
üò¢üòí.
.
.
.
üòîüòüü§¨.
.
""DIDN'T Morrison do a good job""..... (with the Rona) 
.

.
They walk amongst us.         #auspol
.
.
FUCK!",Australia,Fri Jan 01 00:28:51 +0000 2021
1344800409475403777,neutral,1.827517032623291,-0.6869419813156128,1.7608096599578855,"@jjsirmanfilm @smithmeyerjen @abcnews The problem about that as I understand it is that we already have a substantial amount of vaccine with more available from local sources. If we are sitting on it why not use it, particularly for frontline workers?",Australia,Fri Jan 01 00:19:37 +0000 2021
1344801229147279360,negative,1.3758338689804075,-1.0356298685073853,3.215730905532837,Last night we made the mad dash from NSW back home along with tens of thousands of other people.  With roads choked with traffic at on New Year‚Äôs Eve I could help but think risks of whole family‚Äôs being wiped road accidents must have been 1000x greater than the virus threat.,Australia,Fri Jan 01 00:22:52 +0000 2021
1344801911904428033,neutral,2.822798013687134,-0.9998340010643004,1.2485203742980957,Anyone know where the two Victorians that ‚Äútook the virus into NSW‚Äù caught the virus from? Any more details?,Australia,Fri Jan 01 00:25:35 +0000 2021
1344804142275911680,negative,1.314054250717163,-0.9803025126457214,2.3054745197296143,Vic has been virus free for two months. Bit hard to pick up virus in Victoria https://t.co/CVjUBZtMT2,Australia,Fri Jan 01 00:34:27 +0000 2021
1344805150162972672,neutral,1.7145789861679075,-0.18838176131248474,1.0398595333099363,@trinapetrina @mormorlady @marxdeane @GladysB @VicGovDHHS has already confirmed the virus in latest cases in Vic are from Avalon cluster,Australia,Fri Jan 01 00:38:27 +0000 2021
1344805876813627392,negative,1.2071874141693115,-0.6407066583633423,2.395474433898926,"@DrAlexanderHop1 @dgurdasani1 @GrogsGamut I was hoping someone would say chill out don't worry about it not an issue.
The really frightening twist, If the virus infected 1 of the millions (more familiar) animals that are susceptible
Like rinse &amp; repeat
Zoonotic infection via new, improved &amp; unrecognisable spike protein",Australia,Fri Jan 01 00:41:20 +0000 2021
1344805982489071616,negative,1.5353341102600098,-0.7095144987106323,1.8863900899887085,@ScottMorrisonMP So now is it time you put partiaanship aside and acted as one for our nation to stamp out the virus rather than letting it run rampant? Or still 'not your job'?,Australia,Fri Jan 01 00:41:46 +0000 2021
1344808517203419136,negative,0.8322182893753052,-0.7657373547554016,2.7533109188079834,"Those denialists who still think that Covid19 is not much worse than the common flu, please read thisüëá
Very sobering reminder of the potential this virus has to spread and put the Health system at breaking-point. https://t.co/UVzGC1oAtW",Australia,Fri Jan 01 00:51:50 +0000 2021
1344810667153399808,positive,1.2407371997833252,5.436060428619385,-1.3844152688980105,"Happy New Year to everyone. Still many challenges going into 2021, including Covid and the environment. Let‚Äôs be kind and support each other and trust the #science. #wellness #resilence #2021year Sharing a photo of #BondiBeach this morning https://t.co/Rq7ACVFPPR",Australia,Fri Jan 01 01:00:23 +0000 2021
1344810736900399106,neutral,1.6895849704742432,1.1228064298629759,-0.06793345510959625,"Watching the @ScottMorrisonMP
 Presser #auspol  #ScottyFromMarketing #covid19 #covid19aus #ScottyNeverHelped #ScottyFromPhotoOps https://t.co/cngkOiYJVd",Australia,Fri Jan 01 01:00:39 +0000 2021
1344810818509000705,neutral,1.4255661964416504,0.29515182971954346,1.1564239263534546,@meganranney Became present for my daughters and husband after years of allowing my attention to be everywhere else. 4 months lockdown made that happen üôè. How about you @meganranney? What are you proud of?,Australia,Fri Jan 01 01:00:59 +0000 2021
1344811417250246656,negative,0.7168549299240112,-0.2972879409790039,1.7260878086090088,An anti-vax pharmacist. Which.... Kind of doesn't make sense really. ü§∑‚Äç‚ôÇÔ∏è https://t.co/uAJlpOTyFJ,Australia,Fri Jan 01 01:03:21 +0000 2021
1344811501660512258,negative,1.4370301961898804,-0.02608545124530792,1.693410038948059,"I‚Äôm surprised the narrative from istand and üíß Twitter is to simply lockdown Melbourne. 

I would have thought their narrative will be:  ‚ÄúWe trust the new world class contact tracing system Andrews said they rolled out, and we will have this under control with no issues‚Äù ü§∑üèº‚Äç‚ôÄÔ∏èü§∑üèº‚Äç‚ôÄÔ∏è",Australia,Fri Jan 01 01:03:42 +0000 2021
1344812155342766080,negative,1.1291553974151611,-0.9333755373954772,2.15389084815979,People who don't live in Melbourne have the problem. https://t.co/snLUwo1VQa,Australia,Fri Jan 01 01:06:17 +0000 2021
1344812167569149954,neutral,2.449526071548462,1.1685998439788818,0.2626888155937195,Took my sister and her group of 7 vans 5.5 hours to get from Eden to Orbost last night heading home to Melbourne. Took them 6 hours to get from Eden to Canberra last years NYE. They might to stay at home next year ü§∑‚Äç‚ôÄÔ∏è https://t.co/YB8B5JcuDz,Australia,Fri Jan 01 01:06:20 +0000 2021
1344812507269980162,positive,1.3626471757888794,1.4981154203414917,0.6438640952110289,"My sister called me at 9am this morning (yes, NYE morning, aka a day I'm highly likely to be hungover), to ask me about my intentions and goals for 2021.

The last few years in small biz, plus a pandemic, has really taught me to roll with the punches and focus on my mental health",Australia,Fri Jan 01 01:07:41 +0000 2021
1344812681321086977,neutral,1.204164743423462,0.9841032028198242,0.3983005881309509,Make sure they deep clean the White House. #COVID19 is there. https://t.co/nMGfbMd7Js,Australia,Fri Jan 01 01:08:23 +0000 2021
1344812721129209857,positive,1.6451754570007324,3.785791158676148,-0.1377633959054947,@KIIS1065 @OperaBarSydney #HAPPYNEWYEAR #happyNewYear2021wishes #NewYearsEve #COVID19nsw #bestwishes to everyone to thank all #cleaners #everywhere #truckies #medicalstaff #supermarkets during all #Lockdowns all over the #worldwide #world with #COVID19 hoping there is a cure to help all #businesees https://t.co/JnOqxS9q9r,Australia,Fri Jan 01 01:08:32 +0000 2021
1344813370130591745,negative,0.8850278854370117,-1.3461467027664185,3.65153431892395,When you are unpopular and dumb you need to be able to blame someone down the track can‚Äôt believe after all that‚Äôs happened @GladysB is still a Liarbril at heart https://t.co/oAQIPjA6H8,Australia,Fri Jan 01 01:11:07 +0000 2021
1344814790422585345,negative,1.110010266304016,-0.7851603627204895,2.6576743125915527,"@drewciferNZ How is NSW failing though? Have they announced a 100+ lockdown like Melbourne, or are keeping numbers stable at an average number of daily cases while keeping a $460 billion economy going and still processing the sheer majority of overseas arrivals.",Australia,Fri Jan 01 01:16:46 +0000 2021
1344815048569438208,negative,1.2278776168823242,-0.7480995655059814,2.504372358322144,"@RandaltsRandal NSW are still to identify the original source of Covid outbreak  ...  what does that say about the NSW so called ‚Äògold standard‚Äô .... it‚Äôs yet another myth perpetuated by the Murdoch Media and Libtrash !
#GladysTheCovidiot",Australia,Fri Jan 01 01:17:47 +0000 2021
1344818170020806656,negative,0.2315971851348877,-0.2649719715118408,2.240617275238037,"Eat shit Speers ,you are trying to stir a lot more you maggot https://t.co/IbjBMu7s1n",Australia,Fri Jan 01 01:30:11 +0000 2021
1344818841033924609,neutral,1.783030986785889,-0.6319014430046082,1.6689635515213013,"Genuine question because I can't seem to find it; has it been confirmed that the Victorian outbreak is linked to someone from NSW? (who had Covid?) Or is it just speculation at this point?

If so, it would be important to know where this person was and what date they left NSW.",Australia,Fri Jan 01 01:32:51 +0000 2021
1344819356396449793,neutral,1.9363646507263184,1.3739582300186155,0.2765031456947327,"So, #ScottyFromMarketing is going on holiday next week... while the country heads back into lockdown. https://t.co/z1xp0WxSGX",Australia,Fri Jan 01 01:34:54 +0000 2021
1344820142274875393,neutral,2.010261058807373,0.4248712658882141,-0.15789569914340973,What can you expect from an ex sky reporter https://t.co/o0x6DJ3ekf,Australia,Fri Jan 01 01:38:02 +0000 2021
1344820875908972545,negative,0.8508416414260864,0.4919083714485169,1.5937024354934692,Hopefully this will also expose Morrison and his fragile facade of ‚Äòcompetence‚Äô - the holiday maker of pure incompetence #auspol https://t.co/Xff6lJg88f,Australia,Fri Jan 01 01:40:57 +0000 2021
1344821513120219141,negative,1.0331559181213381,0.08893758803606032,1.803662657737732,Getting vaccines approved is more urgent than the experts are telling us!! The quicker we get supplies the better as we have a time bomb in our hands.  Get that vaccine into Australia FAST before we get a real serious outbreak.,Australia,Fri Jan 01 01:43:28 +0000 2021
1344821652077514753,negative,0.3560125529766083,-1.0524320602416992,3.8841457366943364,You‚Äôre an idiot. Fuck off. https://t.co/R05UJUYcEl,Australia,Fri Jan 01 01:44:02 +0000 2021
1344822187685937152,negative,1.3039075136184692,-1.1454192399978638,2.6330416202545166,@livgracecurran @9NewsAUS @9NewsAdel Why aren‚Äôt these people placed into isolation in detention centres away from mainstream Australia. As an island nation we should be protected from covid but it‚Äôs being legally imported,Australia,Fri Jan 01 01:46:09 +0000 2021
1344822435795779586,negative,1.3846703767776491,-0.6253305673599243,1.5622363090515137,"Doesn't seem to be a COVID issue in Wuhan, why has it lingered in the rest of the world? https://t.co/swvs9yj7FE",Australia,Fri Jan 01 01:47:08 +0000 2021
1344822947358277632,positive,1.114521026611328,2.794356107711792,-0.4239113330841065,"@Luluflower2020 @LucyBattersby @samanthamaiden Me to Lulu, I would have loved to go down to Bermagui this year however, Covid has got in the way of any kind of holiday until a vaccination is recommended by my Drü§∑",Australia,Fri Jan 01 01:49:10 +0000 2021
1344824282224885761,negative,0.5385288596153259,0.2289004325866699,1.5942001342773438,@DebraThoms So well and elegantly said @DebraThoms Hard to fathom why process not more collaborative and inclusive #YearOfTheNurseAndMidwife #COVID19 #Year2020,Australia,Fri Jan 01 01:54:29 +0000 2021
1344824416971096064,neutral,1.919626235961914,1.073064208030701,-0.1759636551141739,"We're going to find out, one way or another, in a week or two. https://t.co/X2woBmnFQO",Australia,Fri Jan 01 01:55:01 +0000 2021
1344824982166147073,negative,1.4021512269973757,-0.8857467770576477,1.7671600580215454,"Any truth to the self evidenced rumour that David Speers doesn‚Äôt do his homework?
#auspol https://t.co/cF2ehrIBKX",Australia,Fri Jan 01 01:57:16 +0000 2021
1344825171106877441,positive,0.2777658402919769,3.332456350326538,-0.01886589638888836,2021 is great. I‚Äôm so glad COVID-19 is finally gone. ü§°,Australia,Fri Jan 01 01:58:01 +0000 2021
1344814262720495617,positive,1.1634914875030518,2.860035181045532,-0.29775908589363104,"When you put things into perspective, Australia has 11 cases in one day, some parts of the world have over 50,000 in one day, we are living life in normality, we‚Äôre still the lucky country, proud of us Aussies for doing so well in this pandemic #covid19Aus #coronavirus",Australia,Fri Jan 01 01:14:40 +0000 2021
1344814454341476353,neutral,1.1345000267028809,0.4767636060714722,1.0500065088272097,"@bantambaby @3wombats @theage @ScottMorrisonMP Be interesting to see if protocols have been observed. This outfit would know. I suspect it's a rushed job to take pressure off NSW coronavirus outbreak.
Proclaimed by GG only last night.
https://t.co/q7EpiK9y6v",Australia,Fri Jan 01 01:15:26 +0000 2021
1344813912466677760,positive,1.1205006837844849,4.734335422515869,-0.6273511648178101,"Happy 2021! Hopefully this year will be better for us. As for Update: my group is slowly resuming to create the game prototype; 1 of our team had covid and he‚Äôs self isolating at home at the moment, it‚Äôs been tough on us. Atm, I‚Äôve been focusing on game narration and my novel- https://t.co/kg7DyvQsov",Australia,Fri Jan 01 01:13:16 +0000 2021
1344819605269667846,negative,0.4234034717082977,-0.25609612464904785,2.66903018951416,"@Belinda07749345 Thanks complete rubbish Belinda.
My daughter works in retail - she reckons people think they step into some ‚ÄòCovid-free bubble‚Äô when they step into a shop. Ridiculous and unfair",Australia,Fri Jan 01 01:35:54 +0000 2021
1344824076066463745,positive,0.961953580379486,2.4331188201904297,0.4469556212425232,@techpearce2 @JeffreyAWillia4 @LeonyMerks @andresvilarino @Floterr @GBeinl @DigiEconoReport @PawlowskiMario @leonel_sandjong @HeinzVHoenen @labordeolivier @cybersecboardrm @CeoAwareness @BasaltAriunbold @how_sustainable @ChuckDBrooks @treasadovander @baski_LA @tgravel @NevilleGaunt @arlenenewbigg @fklivestolearn @stanleychen0402 @sulefati7 @WhiteheartVic @DataAugmented It‚Äôs a difficult time and we all have been personally touched by COVID-19. We have to remain strong and together we will come through this. ‚ù§Ô∏è‚ù§Ô∏è,Australia,Fri Jan 01 01:53:40 +0000 2021
1344824189782355968,neutral,1.7104082107543943,0.09211910516023636,1.1842774152755735,"@Rashidajourno ""ensuring public confidence""
where his Chief Health Officer advocates the attendance of a large sporting event, during a covid breakout - that he admits he wouldn't take his family to (because of the health risk).

public confidence 'ensured'.

... (just... f_ckwits)...",Australia,Fri Jan 01 01:54:07 +0000 2021
1344824224037232641,neutral,1.6373461484909058,0.13130277395248413,1.217942476272583,"""ensuring public confidence""
where his Chief Health Officer advocates the attendance of a large sporting event, during a covid breakout - that he admits he wouldn't take his family to (because of the health risk).

public confidence 'ensured'.

... (just... f_ckwits)... https://t.co/YSt7xetBtl",Australia,Fri Jan 01 01:54:15 +0000 2021
1344825073635532802,neutral,1.8839998245239256,1.47018301486969,-0.5079482793807983,@roshni_beeharry A safe and covid-free to you in 2021 üíñ,Australia,Fri Jan 01 01:57:37 +0000 2021
1344812861432844288,neutral,1.2650216817855835,0.9908371567726136,0.636562705039978,@sameolds8485 This is true. Cases emanate from venues and go to homes. Two places where you actually don‚Äôt wear a mask.,Australia,Fri Jan 01 01:09:06 +0000 2021
1344816770603864065,neutral,2.07442045211792,1.4680850505828855,-0.5320656299591064,@Vic_Rollison @RandaltsRandal Go spread the information re mask wearing to the NSW lot!,Australia,Fri Jan 01 01:24:38 +0000 2021
1344821227794305024,negative,0.2931310534477234,0.009541936218738556,1.7256190776824951,"@PatsKarvelas @GladysB Extremely so......and Victorians did the right thing, we can't even get a mask mandate....ffs",Australia,Fri Jan 01 01:42:20 +0000 2021
1344813702315347968,negative,2.1454422473907466,-1.2448813915252686,2.6932847499847408,"@bstleonards @DanielBleakley Which O/S traveller went without quarantine? The one from the US who was in quarantine and the virus is genomically linked to? She was never let out of quarantine. The virus ""leaked"" from her and we just (still) how, a bit like in NZ back in July. That's how this virus is.",Australia,Fri Jan 01 01:12:26 +0000 2021
1344814995729575937,negative,0.5933840870857239,0.7193698287010193,1.382052659988403,"We are all so over this Virus I know, my adult children just want to get back to as it was &amp; let virus run it‚Äôs course but we cannot! Caution &amp; restrictions are required! How would this generation cope with a Great Depression my parents lived through? Now that was beyond TOUGH!!",Australia,Fri Jan 01 01:17:35 +0000 2021
1344819498268823552,negative,0.8922619819641113,-0.725615918636322,2.226168155670166,"@Vic_Rollison Partisanship is #covidiocy 
The virus does not care about which side you support. https://t.co/EdGfC3CXNh",Australia,Fri Jan 01 01:35:28 +0000 2021
1344820512153735169,negative,1.169825792312622,-0.005669273436069489,1.48307204246521,"@PatsKarvelas You just don‚Äôt get it, plenty of places in Vic or other states to get away to, they knew NSW was a hot zone, they were warned, if some visiting to to see family wouldn‚Äôt it have been better to wait until virus under control, instead of bringing it back into Victoria.",Australia,Fri Jan 01 01:39:30 +0000 2021
1344825687685795840,neutral,2.1216073036193848,0.6578291654586792,0.18523436784744265,"Ah yes the same expert that says we‚Äôll have 3,000 cases by Jan 8. https://t.co/Ey0JD75tb7",Australia,Fri Jan 01 02:00:04 +0000 2021
1344825847413231616,negative,0.8679361343383789,-0.6438742876052856,2.6334095001220703,"@VivienneDoonar We need to walk and chew gum. 

The pandemic is bad and needs the focus of global efforts, but climate change is an even BIGGER global threat. 

#ClimateEmergency #auspol2021 

Reminder: Australia has NO climate action policy.",Australia,Fri Jan 01 02:00:42 +0000 2021
1344826999588622338,positive,1.164714217185974,1.6456282138824463,0.2103191763162613,"@NeilMcMahon @MayneReport An interesting bit Aussie navel gazing from the perspective of public radio in Boston, USA

https://t.co/CeC0OeGoj1",Australia,Fri Jan 01 02:05:17 +0000 2021
1344827124151058433,negative,1.152591109275818,-0.5911585688591003,1.4386173486709597,"@kinokofry Perhaps, though we're not really in lockdown anymore.",Australia,Fri Jan 01 02:05:46 +0000 2021
1344827525751480320,negative,0.3744683265686035,-0.3009522259235382,3.1007280349731445,"@TexanMeg Truly awful. But also confusing that with the state under stay at home orders, big malls were encouraging people to shop and take photos at their Christmas displays ü§∑üèª‚Äç‚ôÄÔ∏è",Australia,Fri Jan 01 02:07:22 +0000 2021
1344828572695810048,neutral,1.5163118839263916,0.5795612931251526,1.2265090942382812,"Her decision to put a political slant on everything she says in relation to Victoria, Qld or WA needs to be called outüò°She plays partisan politics at every available opportunity! We should be banding together for the  good of the country not slinging mud across certain bordersüëé https://t.co/YOpk81OHXK",Australia,Fri Jan 01 02:11:32 +0000 2021
1344828736042979328,negative,0.8770542740821838,0.6427642703056335,2.4717724323272705,@RickiCoughlan Thank heavens for our Premier's strong stand. #IStandWithMark in keeping #Covid19 out of #WA. We have absolutely no confidence @GladysB has a clue about managing the Pandemic outbreak. Blaming Victoria &amp; other States is downright pathetic &amp; rude. All she had to do was copy #SA.,Australia,Fri Jan 01 02:12:11 +0000 2021
1344829552585920512,neutral,1.9901220798492432,0.5472393631935121,-0.0386827290058136,What will a Covid-19-Endemic World Look Like? https://t.co/k4NwpCsWAL via @wsliauw,Australia,Fri Jan 01 02:15:25 +0000 2021
1344829705266950144,negative,1.308332085609436,-0.4785780012607575,2.38235092163086,@calgodde @PatsKarvelas Not sure! Could it be as simple as they just don't want another July-October style lockdown in Vic and will make the harsh calls. This holiday period was unfortunately always going to be fraught with risks. Bring on a vaccine rollout...,Australia,Fri Jan 01 02:16:02 +0000 2021
1344829971315867648,neutral,0.7817070484161377,-0.07997753471136093,0.32281237840652466,Corona still Dey outside sha,Australia,Fri Jan 01 02:17:05 +0000 2021
1344830183342178304,neutral,1.302395939826965,0.8551703095436096,0.8593945503234863,"@nickymison @GladysB You are welcome to wear a mask  &amp; lock yourself inside for 2 weeks, just don‚Äôt tell the rest of us what to do",Australia,Fri Jan 01 02:17:56 +0000 2021
1344830373486678018,negative,0.17824429273605347,1.0219258069992063,1.105397343635559,This is a MUST watch people of earth! https://t.co/emm2mJnzyF,Australia,Fri Jan 01 02:18:41 +0000 2021
1344830714223546368,negative,1.4538698196411133,-0.3570396304130554,1.7099343538284302,@PatsKarvelas People have made the decision to travel at their own risk. Borders closing again at short notice was always a strong possibility especially with the NSW government not treating the Sydney outbreak with due seriousness.,Australia,Fri Jan 01 02:20:02 +0000 2021
1344830732452073472,negative,1.2617970705032349,-0.14643773436546326,1.6591280698776243,"One hypothesised e.g.-
""If the fatality rate increased by 50 percent, that would lead to 193 deaths. In contrast, a 50 percent increase in transmissibility would lead to a whopping 978 deaths in just one month‚Äîassuming, in both scenarios, a six-day infection-generation time."" https://t.co/FlGosApm5o",Australia,Fri Jan 01 02:20:07 +0000 2021
1344831183557775361,negative,1.2163810729980469,-0.2815715968608856,2.127002477645874,"@totallyawry @916_stevo @PatsKarvelas I certainly did not, came up to spend Christmas with daughter as first Christmas since her husband died and to be here for internment of ashes.  Left Melbourne on 17th so before outbreak was a concern.  Glad I came but worried about getting home.",Australia,Fri Jan 01 02:21:54 +0000 2021
1344832006220177408,neutral,2.1959173679351807,-0.10640526562929152,-0.05005624145269394,Where‚Äôs Comrade Dan?? https://t.co/NtnrQxoZLW,Australia,Fri Jan 01 02:25:10 +0000 2021
1344833299621953536,positive,0.8446505665779114,1.0572439432144165,0.053361326456069946,@gohorsie Covid origin !!,Australia,Fri Jan 01 02:30:19 +0000 2021
1344833352801480704,negative,1.008860468864441,0.6869320273399353,1.0879135131835938,3! One cause I was at Milky Lane while a positive case was there and 2 because of colds. https://t.co/UiGEy8wmij,Australia,Fri Jan 01 02:30:31 +0000 2021
1344833555210276864,negative,0.4652307033538818,0.6743081212043762,2.636440753936768,Our second 3+ hour queue in 24 hours with a toddler in tow. This time to get ourselves #COVID19 tested to keep our community safe. To say we're over this shit-show of a year is an gross understatement. https://t.co/hIZeYcvXuV,Australia,Fri Jan 01 02:31:20 +0000 2021
1344834397732683776,neutral,2.039511442184448,0.2770246863365173,1.1582106351852417,While this was last evening in a 10km queue approaching Barmah after getting word at 4pm that Green Zone visitors would require 14 day home isolation if not back in Vic by midnight. We made it by 50 mins. #COVID19 https://t.co/4002IDLwZF,Australia,Fri Jan 01 02:34:40 +0000 2021
1344836229725003776,neutral,2.0780472755432133,0.3142792582511902,1.032465934753418,Two more positive cases confirmed linked to Black Rock- in addition to the 8 cases. They were on holiday in NSW close to the border and heard of the Victorian outbreak on the news and got tested in NSW. They are now back in Vic isolating at home. @10NewsFirst,Australia,Fri Jan 01 02:41:57 +0000 2021
1344836243209654272,negative,1.1102032661437988,-0.8009462952613831,1.8831201791763303,@MingYLong Ignore everything an LNP politician says about the pandemic.,Australia,Fri Jan 01 02:42:00 +0000 2021
1344837277155872769,neutral,1.83468234539032,0.3718602657318115,0.9724876284599304,My advice to you would be to pay more attention to the current state of affairs in NSW and use your common sense before travelling out of the state! Don‚Äôt you know that we‚Äôre in the middle of a global pandemicüò∑üò°üëé https://t.co/kUjlopQFuK,Australia,Fri Jan 01 02:46:07 +0000 2021
1344837424111702016,negative,1.6892021894454956,-0.3664657473564148,1.753798246383667,"@jenniferdahl1 @drvyom @NSWHealth And once they linked them, they are no longer mystery cases. 

So removed from the mystery case count. 

Currently the genesis of this outbreak is a mystery and the three in Western Sydney. 

I expect the three in Western Sydney will be linked in the next 72hrs.",Australia,Fri Jan 01 02:46:42 +0000 2021
1344837487085010945,negative,1.202666997909546,0.2406277656555176,1.6898193359375,"I tried 4 drive-thru clinics locations today: MSAC, Keysborough, Ascot Vale, &amp; St Albans. Didn‚Äôt even manage to get into a queue - all were at capacity turning away. I also tried walk in Prahan Town Hall which was closed despite the info on DHHS saying open 7 days. #COVID19Vic https://t.co/g2XMl6URNd",Australia,Fri Jan 01 02:46:57 +0000 2021
1344838122996002817,neutral,1.9352518320083616,-0.7484392523765564,1.4914542436599731,The certainty w/ which people are saying Sydney must lock down is astonishing. As if it‚Äôs not debatable? As if lockdown no big deal (some are saying this at same time as saying they couldn‚Äôt handle another lockdown themselves)? With single figures almost day for 11 days?,Australia,Fri Jan 01 02:49:29 +0000 2021
1344839856355119104,negative,0.9158155918121338,-0.6789122819900513,1.6802302598953247,@codeyarns Mainly due to covid19 - loss of business,Australia,Fri Jan 01 02:56:22 +0000 2021
1344839998479056896,negative,0.8314999938011169,-0.4006667733192444,1.5160129070281982,@R_Chirgwin @stufromoz Seeing Raina being consistently wrong since the pandemic began.,Australia,Fri Jan 01 02:56:56 +0000 2021
1344840370308280321,negative,0.7933748364448547,-0.9629037976264954,2.9325051307678223,#COVID19 Stunning mishandling of the health crisis by the Trump administration based on these insider reports.  https://t.co/VLwLiCZ7DJ,Australia,Fri Jan 01 02:58:24 +0000 2021
1344827142572535809,neutral,1.666269302368164,-0.28443193435668945,1.3259721994400024,"Due to the current covid-19 outbreak in Melbourne.

The @breakersnz will temporarily relocate to Tasmania. @ Melbourne, Victoria, Australia https://t.co/V4nx6OMpty",Australia,Fri Jan 01 02:05:51 +0000 2021
1344831863378956288,negative,1.0119040012359621,-0.6808537840843201,1.782912015914917,@GreenJ Bit of a joke given the COVID response by states,Australia,Fri Jan 01 02:24:36 +0000 2021
1344834990199083008,negative,0.8933460116386414,0.603212833404541,1.6348488330841064,"@CaseyBriggs @PatrickLenton Five.

I had: two chest infections, one round of tonsilitis, one cold and one to be sure I was good to travel to SA the day the borders reopened Dec 1st.

(I couldn't get meds for the infections until covid tested. Waiting 3 days for a test result with tonsilitis was hell.)",Australia,Fri Jan 01 02:37:02 +0000 2021
1344838842923171840,negative,1.0744613409042358,-0.8920491933822632,2.617471218109131,@P_T_Ager @georgiecrozier Not one person in hospital in Vic . No one has died . Borders closed . More people in hospital for diarrhoea than CoVid . Into bin you go you bed wetter #COVID19Vic #springst https://t.co/xMjZpI9GFE,Australia,Fri Jan 01 02:52:20 +0000 2021
1344838886107693058,negative,1.1436045169830322,-0.1577880084514618,1.3335198163986206,"Assuming, for argument‚Äôs sake, that you‚Äôre getting a COVID vaccine didn‚Äôt displace anyone else more deserving, how much would you pay to get it tomorrow?",Australia,Fri Jan 01 02:52:31 +0000 2021
1344827715044605952,positive,1.33965802192688,1.5700907707214355,0.04929351434111595,"@ScottMorrisonMP About as sincere as a rattlesnake, you think by changing one word in the anthem will win our hearts and minds. Please resign, you're not a leader. Wear a mask üò∑",Australia,Fri Jan 01 02:08:07 +0000 2021
1344831433257308160,negative,1.2114157676696775,-0.08945436030626297,1.4061490297317505,"@CryptoJikky @nickymison @GladysB They can wear a mask in their electric car listing to @Matt_KeanMP speech  ü•±ü•±
4 all  I care, just don‚Äôt tell the rest of us what to do",Australia,Fri Jan 01 02:22:54 +0000 2021
1344839461251678209,negative,0.9585617184638976,-0.0646493062376976,1.5933594703674316,The whole ‚Äòplease wear a mask on public transport‚Äô thing clearly isn‚Äôt working. Way more without than with on my two buses so far today üò¨üò¨ü§¢ü§¢,Australia,Fri Jan 01 02:54:48 +0000 2021
1344826382006644738,neutral,1.6456371545791626,0.3040372133255005,1.0512961149215698,"@TedJones1928 @ScottMorrisonMP Now explain the suspension of all testing in your solid gold tracing systems. Wait, you‚Äôre taking advice from trump are you, no testing =no rona.  Well we can see how that worked out hey",Australia,Fri Jan 01 02:02:49 +0000 2021
1344831372469235712,negative,1.725839138031006,-1.057348608970642,1.8907309770584104,"@dr_imogen @gaysykins @LuluDavison Yeah which is concerning if they have already eliminated the virus from their system, suggesting if they ever were infected, they must have been infected considerably earlier",Australia,Fri Jan 01 02:22:39 +0000 2021
1344832971094675456,neutral,1.5885515213012695,-0.6590790748596191,1.3128401041030884,@oaklet06 @JaneMarwick True but we haven‚Äôt had the virus to the extent of Melbourne,Australia,Fri Jan 01 02:29:00 +0000 2021
1344842782578380800,negative,2.051983118057251,-1.0157718658447266,2.9457390308380127,"@BradfieldThe @David_Speers You might want to check the tweets from the first few days of the Sydney outbreak. The Sydney sites were in the exact same position. Lack of sites, people told to go home and come back the following day etc.",Australia,Fri Jan 01 03:07:59 +0000 2021
1344844402305368064,negative,0.70400470495224,-0.2816612720489502,2.2020983695983887,"If the cricket goes ahead, @CricketAus will forever be remembered for its lack of responsibility, its fostering of community spread of COVID19- that‚Äôs an absurd risk https://t.co/y2EZQbyuY6",Australia,Fri Jan 01 03:14:26 +0000 2021
1344844680400433152,neutral,1.5376546382904053,0.2619958817958832,1.1284165382385254,"#COVID19 testing :o noticed a big line and no one at the lights... #Sydney @ Sydney, Australia https://t.co/486V1cV5by",Australia,Fri Jan 01 03:15:32 +0000 2021
1344846848633098240,negative,1.547464370727539,-0.7006892561912537,2.034366607666016,"@BradfieldThe @David_Speers By that logic, your tweets are not reality either. There's plenty of pics of people in lines at 6am saying they got turned away the day before. Both states were under prepared with testing sites, should another outbreak occur.",Australia,Fri Jan 01 03:24:09 +0000 2021
1344846873647988736,neutral,0.7139605879783629,0.4601621925830841,0.33860304951667786,Another apt description #fauxmo https://t.co/FFuH3cgDIr,Australia,Fri Jan 01 03:24:15 +0000 2021
1344848540540018688,negative,0.32243704795837397,-0.7844456434249878,2.7638475894927983,"God this is such awful, indulgent behaviour. https://t.co/e4xx7qfqxt",Australia,Fri Jan 01 03:30:52 +0000 2021
1344848692403007488,neutral,1.5942357778549194,-0.1863304078578949,1.0475505590438845,@RustyBentley5 @PatsKarvelas I‚Äôve re-read every daily DHHS media briefing and it never said that. ü§∑üèª‚Äç‚ôÄÔ∏è https://t.co/uGnggrVxEA,Australia,Fri Jan 01 03:31:29 +0000 2021
1344849806766661632,neutral,2.481252431869507,-0.2897418439388275,0.6373207569122314,"Today Norman Swan was on television saying Sydney needs to go into lockdown. 
Also today there were three new cases reported.",Australia,Fri Jan 01 03:35:54 +0000 2021
1344850468640419841,positive,1.096196532249451,3.2105822563171387,-0.2183389663696289,@1scrummymummy I‚Äôm pleased you are all ok as it worries me. I really hope the country can do the right thing and stay at home. I‚Äôm sure for you being able to work from home is a huge bonus to you all. Stay strong and healthy and here‚Äôs to a positive 2021. ü§ûüí™üèºüåà,Australia,Fri Jan 01 03:38:32 +0000 2021
1344850554929831936,negative,0.5211785435676575,0.0623665489256382,1.1600372791290283,@craigthomler @vicrollison @BelindaJones68 @drjowinchester @PatsKarvelas @tnsprofpunter Even in countries with massive outbreaks have clustering https://t.co/gJuMWHhBrC,Australia,Fri Jan 01 03:38:53 +0000 2021
1344851218628284423,neutral,1.7803404331207275,0.3350225985050201,-0.5683711171150208,Note the date https://t.co/IakJVk3fKM,Australia,Fri Jan 01 03:41:31 +0000 2021
1344851623529517056,negative,0.7675686478614807,-1.4185397624969482,4.3426032066345215,More people will be killed on the roads today rushing to cross a border then by Covid. Some idiot drivers on the Newell today. #slowdown,Australia,Fri Jan 01 03:43:07 +0000 2021
1344853063962562565,neutral,1.4947820901870728,0.7603612542152405,0.7994704246520996,@RoadshowFilms I really want to see this but no way am I risking covid to watch it in a cinema.  When will it be available to stream in Australia?,Australia,Fri Jan 01 03:48:51 +0000 2021
1344853151828987904,negative,0.3581008315086365,0.36726653575897217,0.9763712286949158,First covid test. Not too bad and the testers were lovely,Australia,Fri Jan 01 03:49:12 +0000 2021
1344853481966825473,negative,1.1894142627716064,-1.1615781784057615,2.7305471897125244,"Please urgently label this tweet as misinformation as it may mean many in VictoriaAustralia will not get tested4covid as they think all testing shut down. It's NOT ALL testing stations
@yoyoel
@nickpickles 
This is the official&amp;up2date testing information 
https://t.co/iz4Tsxc8R9 https://t.co/8JURyMB6lc",Australia,Fri Jan 01 03:50:30 +0000 2021
1344854245401526272,positive,0.3727762401103973,2.8215086460113525,-0.3578609824180603,This awesome tool will quickly lock down ALL of Windows 10‚Äôs privacy settings https://t.co/7s1Tk8EhAE https://t.co/zCGldEbWlm,Australia,Fri Jan 01 03:53:32 +0000 2021
1344854854905131009,neutral,1.0847866535186768,0.9070237278938292,-0.011535422876477242,"@HaydenJOConnor @VicGovDHHS Try something like this:
https://t.co/Jf9h7lpumu",Australia,Fri Jan 01 03:55:58 +0000 2021
1344844846721208320,negative,1.3600040674209597,-0.9388309121131896,2.769447326660156,@davehinnrichs @barriecassidy Not in the daily media briefing from DHHS. It‚Äôs been saying don‚Äôt travel to Sydney and if you travel to green zones just monitor for symptoms. I based my decision to send my kid to northern NSW on these briefings. https://t.co/uGnggrVxEA,Australia,Fri Jan 01 03:16:12 +0000 2021
1344843085126139906,positive,0.9721133708953856,3.9808366298675537,-0.4531281888484955,ü•≥ Happy new year. Hoping 2021 is a kinder one and safe one. Just remembered at time of year would be @hopmancup cup üòûso it‚Äôs a different start to the year. Bring on the footy be it COVID free go @WestCoastEagles #comeon2021 https://t.co/smyDWNZJk4,Australia,Fri Jan 01 03:09:12 +0000 2021
1344843919373156352,negative,0.7431941032409668,-0.8089039921760559,2.5590665340423584,@timklapdor @anna_chica Close and closed environment with recycled air? COVID hates that. üòâ,Australia,Fri Jan 01 03:12:31 +0000 2021
1344847415770136576,negative,1.173911452293396,-0.14180663228034973,1.4540705680847168,Whilst it's good to see you have corrected the misinformation on covid you previously tweeted the responsible thing to do will be to delete the original tweet as many are sharing without your correction. You may also fall foul of Twitter standards by providing misinformation https://t.co/zEWaYkuumu,Australia,Fri Jan 01 03:26:24 +0000 2021
1344847424544669702,neutral,1.7239816188812256,0.22094672918319705,1.3053098917007446,"@IanMac1949 @Zerieth1 @CryptoDime @HubertLinssen1 @realDonaldTrump I read that at least one of the Dem swing states changed their rules to allow postal votes (not just for those who met the previous stringent postal vote conditions), and for such votes to be allowed to be counted up until COB Friday. This went through in Oct, 19, prior to Covid.",Australia,Fri Jan 01 03:26:26 +0000 2021
1344847590513233920,negative,0.5443970561027527,0.21535399556159973,1.6296117305755615,@craigthomler @vicrollison @BelindaJones68 @drjowinchester @PatsKarvelas @tnsprofpunter given the clustering nature of covid we know that most exposure sites have no transmission and some have lots of transmission.  A small percentage of cases are responsible for most transmission.  R0 is an average and not helpful in this sense.,Australia,Fri Jan 01 03:27:06 +0000 2021
1344850375170347009,negative,0.8404569625854492,0.13230375945568085,1.1588962078094482,@BGC_UK @shaunwhelan__ @HunterNelsonUK @sukimann @RickyMann4 @aldeblu @badly_drawn_boy @craigfraserwood @COVID_Australia @CCfunkandsoul @salfordcityrcds @caretakerstudio @elegia1963 @graemepark @djgregwilson @gaconthegc @MarkMcGowanMP @ItsMarkWebster @k_birc Been talking about this üòÇ,Australia,Fri Jan 01 03:38:10 +0000 2021
1344850392656449536,positive,0.7352800965309143,1.0172705650329592,0.3141266405582428,@rukakoko @KlatuBaradaNiko Wish I was there üòπüòπF... Covid,Australia,Fri Jan 01 03:38:14 +0000 2021
1344854212312645632,negative,0.8099904060363771,-0.0465485081076622,1.316024661064148,"@realDonaldTrump 401k will be the number of Covid dead very soon, yet all you worry about is yourself",Australia,Fri Jan 01 03:53:25 +0000 2021
1344855379490951169,neutral,1.5830683708190918,0.3359269499778748,0.5862497091293335,Perhaps morrison  could take a leaf out of covid‚Äôs book  and maybe get out here occasionally https://t.co/NMMHGFmS28,Australia,Fri Jan 01 03:58:03 +0000 2021
1344841755179450371,negative,0.2947755753993988,-0.6950811147689819,2.845848798751831,"Very pissed off, #NSW leadership is left sadly wanting. No mandated mask wearing is a disaster waiting to happen üò∑ https://t.co/tOAVOXH5ok",Australia,Fri Jan 01 03:03:55 +0000 2021
1344850609699078148,neutral,1.53373920917511,0.16720223426818848,1.3262062072753906,"@inquisitiveGyn Except I can choose to do any speed between zero and the speed limit. I choose an appropriate speed for the conditions. 

I can also drive after one drink. Legally. 
I choose not to. 

I choose to wear a mask. I choose to shop online. I choose safety.",Australia,Fri Jan 01 03:39:06 +0000 2021
1344841392917397504,negative,1.401037335395813,-1.411956787109375,3.6801187992095943,@DanielAndrewsMP Its a pity journey didn't have plans and systems in place when the hotel quarantine outbreak occurred.After the outbreak you refused to accept that vic contact tracing system was not up to scratch which let the virus spread throughout the community.,Australia,Fri Jan 01 03:02:28 +0000 2021
1344841698933755904,negative,0.8960530757904053,0.7188459634780884,1.9725496768951416,"Hope you enjoy the cricket. I hope you can live with spreading a deadly virus, potentially putting your city into lockdown, killing elderly and sick citizens, breaking businesses and all in the name of watching men toss a ball at a bat. #SCG #GladysTheCovidiot #cricket #sydneynye https://t.co/Y09g1yC4ts",Australia,Fri Jan 01 03:03:41 +0000 2021
1344842829625921538,positive,0.7035503387451172,3.747971534729004,0.7198538780212402,"Happy New Year Everyone ü•≥ 

Feeling blessed and very privileged to be able to spend time reflecting and celebrating with my family in our City this year.

Let‚Äôs all keep working hard and doing the right things this year to stop the spread and beat this awful virus ü¶† https://t.co/i2roKGcqgv",Australia,Fri Jan 01 03:08:11 +0000 2021
1344845222971203584,negative,1.1150726079940796,0.08902329951524733,1.6006784439086914,"@PatsKarvelas What you like the government to do, ask politely for people to return withi the next week. Melbourne cluster was due to a return person from NSW not quarantining for 14 days. It show how infectious this virus is a person not at their table has it thanks to them",Australia,Fri Jan 01 03:17:41 +0000 2021
1344853186696253440,negative,1.1546716690063477,-0.07010675221681595,1.6151151657104492,"Agreed. Anyone and especially those susceptible to serious illness want to know if the virus is around!
So we can take precautionary action.
Given the seriousness of pandemics, it is important for public health officials to take appropriate actions for public safety. https://t.co/s7ADtdlD8Q",Australia,Fri Jan 01 03:49:20 +0000 2021
1344853530092265474,negative,1.470000982284546,-0.5400651693344116,2.1762449741363525,"Can someone tell me why people in Melbourne are getting paid $450 to get a virus test? They then quarantine for 3 days &amp; then go back &amp; get paid again? I‚Äôm speechless. As many have said, this is not about a virus.",Australia,Fri Jan 01 03:50:42 +0000 2021
